type,post_id,title,author,body,created_timestamp,score,num_comments,comment_id,comment_author,comment_body,comment_created_timestamp,comment_score,permalink,subreddit
post,1fhiypf,Part-1: UNDERPERFORMING Stocks,Business_Ad_1738,"List of 10 stocks that have posted the 3 highest earnings in the past 5 quarters but have generated returns below Niftyâ€™s returns (i.e. 50%) over the last two years.  
  
1. INFY: 28% gain  
2. SHREECEM: 26%  
3. DMART: 25%  
4. BIOCON: 23%  
5. AUBANK: 22%  
6. GODIGIT: 22%  
7. BERGERPAINT: 21%  
8. JUBLFOOD: 20%  
9. APTUS: 20%  
10. ASAHIINDIA: 19%  
  
I will post PART-2 of this in a few days, on similar stocks which have given <20% returns in the last 2 years.  
[#investing](https://x.com/hashtag/investing?src=hashtag_click) [#indianstockmarket](https://x.com/hashtag/indianstockmarket?src=hashtag_click)",2024-09-15 18:07:24,2.0,1.0,,,,,,https://reddit.com/r/IndianStockMarket/comments/1fhiypf/part1_underperforming_stocks/,IndianStockMarket
comment,1fhiypf,,,,,,,lna8ooq,AutoModerator,"
If you haven't already, please add your own analysis/opinions to your post to save it from being removed for being a Low Effort post.

Please DO NOT ask for BUY/SELL advice without sharing your own opinions with reasons first. Such posts will be removed.

Please also refer to the [FAQ](https://www.reddit.com/r/IndianStockMarket/comments/17bcg2a/frequently asked questions_post_your_common/) where most common questions have already been answered.  

Subscribe to our [weekly newsletter](https://pennyleaks.substack.com/) and join our Discord server using [Link 1](https://discord.gg/8QF4dqPHuw) or [Link 2](https://discord.gg/fDRj8mA66U)


*I am a bot, and this action was performed automatically. Please [contact the moderators of this subreddit](/message/compose/?to=/r/IndianStockMarket) if you have any questions or concerns.*",2024-09-15 18:07:24,1.0,https://reddit.com/r/IndianStockMarket/comments/1fhiypf/part1_underperforming_stocks/,IndianStockMarket
post,1ivbh6x,Guys we literally want one damn thing isn't it right??,Dexterrr2,,2025-02-22 05:24:31,63.0,8.0,,,,,,https://reddit.com/r/StockMarketIndia/comments/1ivbh6x/guys_we_literally_want_one_damn_thing_isnt_it/,StockMarketIndia
comment,1ivbh6x,,,,,,,me9rdu2,Ragnar1126,But tomorrow uno reverse gonna happen ... For sureðŸ˜Š,2025-02-23 01:50:55,2.0,https://reddit.com/r/StockMarketIndia/comments/1ivbh6x/guys_we_literally_want_one_damn_thing_isnt_it/,StockMarketIndia
comment,1ivbh6x,,,,,,,me4jeag,Yogesh-Solanki,Yes bro,2025-02-22 06:55:30,1.0,https://reddit.com/r/StockMarketIndia/comments/1ivbh6x/guys_we_literally_want_one_damn_thing_isnt_it/,StockMarketIndia
comment,1ivbh6x,,,,,,,me4qftb,Altruistic-Head3211,Just wait and hold on. It is a market correction going on. May see upward movement from third quarter.,2025-02-22 08:00:24,1.0,https://reddit.com/r/StockMarketIndia/comments/1ivbh6x/guys_we_literally_want_one_damn_thing_isnt_it/,StockMarketIndia
comment,1ivbh6x,,,,,,,me52xyl,shewhobangsthedrums,Why third quarter? Could you please elaborate on this?,2025-02-22 09:58:30,1.0,https://reddit.com/r/StockMarketIndia/comments/1ivbh6x/guys_we_literally_want_one_damn_thing_isnt_it/,StockMarketIndia
comment,1ivbh6x,,,,,,,me57xnu,Dexterrr2,I would love you hear more from you,2025-02-22 10:46:34,1.0,https://reddit.com/r/StockMarketIndia/comments/1ivbh6x/guys_we_literally_want_one_damn_thing_isnt_it/,StockMarketIndia
post,1kkor4v,Brothers and Sisters..what a Monday we just had! Share your gains !,Jaded-Total6054,,2025-05-12 10:04:02,1208.0,145.0,,,,,,https://reddit.com/r/IndianStreetBets/comments/1kkor4v/brothers_and_sisterswhat_a_monday_we_just_had/,IndianStreetBets
comment,1kkor4v,,,,,,,mrw1cjh,idkparth,It's Monday only for groww users,2025-05-12 10:16:33,195.0,https://reddit.com/r/IndianStreetBets/comments/1kkor4v/brothers_and_sisterswhat_a_monday_we_just_had/,IndianStreetBets
comment,1kkor4v,,,,,,,mrw2l9k,Adorable_Desk_8043,"https://preview.redd.it/97ybb4nnvb0f1.png?width=706&format=png&auto=webp&s=eaed495883e6356b841cdd4762a1263bcea0422f

Abhi toh MF ke NAV update hona aur US market khhulna baaki hain.  
ðŸ•º",2025-05-12 10:28:15,176.0,https://reddit.com/r/IndianStreetBets/comments/1kkor4v/brothers_and_sisterswhat_a_monday_we_just_had/,IndianStreetBets
comment,1kkor4v,,,,,,,mrw0zo7,MammothForward6605,https://preview.redd.it/mqv14x24tb0f1.jpeg?width=1080&format=pjpg&auto=webp&s=c49b5a19c5b44470805d3037ebe5b3f4000a1f6d,2025-05-12 10:13:08,156.0,https://reddit.com/r/IndianStreetBets/comments/1kkor4v/brothers_and_sisterswhat_a_monday_we_just_had/,IndianStreetBets
comment,1kkor4v,,,,,,,mrw2kc0,No_Philosopher_8659,"+8.63% , highest single day gain ever.",2025-05-12 10:28:00,111.0,https://reddit.com/r/IndianStreetBets/comments/1kkor4v/brothers_and_sisterswhat_a_monday_we_just_had/,IndianStreetBets
comment,1kkor4v,,,,,,,mrw79dh,soulseeker31,"Chaliye, pakistan khareedke aate hain",2025-05-12 11:08:19,98.0,https://reddit.com/r/IndianStreetBets/comments/1kkor4v/brothers_and_sisterswhat_a_monday_we_just_had/,IndianStreetBets
post,1je1upi,I pray for days like this !,Jaded-Total6054,,2025-03-18 10:31:18,741.0,46.0,,,,,,https://reddit.com/r/IndianStreetBets/comments/1je1upi/i_pray_for_days_like_this/,IndianStreetBets
comment,1je1upi,,,,,,,mif016b,KSK_GAMING,https://preview.redd.it/foebhyt3jfpe1.jpeg?width=680&format=pjpg&auto=webp&s=995d6daa700e95563b8be124fa246a4f57b265d8,2025-03-18 10:58:41,272.0,https://reddit.com/r/IndianStreetBets/comments/1je1upi/i_pray_for_days_like_this/,IndianStreetBets
comment,1je1upi,,,,,,,mif5gbd,CottonCANDYtv,https://preview.redd.it/nbrfe9jvqfpe1.jpeg?width=622&format=pjpg&auto=webp&s=1a8ff31b60810a07aec5435ccdbf794bd645182c,2025-03-18 11:42:17,121.0,https://reddit.com/r/IndianStreetBets/comments/1je1upi/i_pray_for_days_like_this/,IndianStreetBets
comment,1je1upi,,,,,,,mif6cc6,alok_5138,FII ki selling ka data aane do ho skta h mutual funds apna is year ka result dikhane ke liye pump krre ho,2025-03-18 11:48:56,43.0,https://reddit.com/r/IndianStreetBets/comments/1je1upi/i_pray_for_days_like_this/,IndianStreetBets
comment,1je1upi,,,,,,,mif246i,BROWN-MUNDA_,Let's hope this sentiment continue,2025-03-18 11:16:10,41.0,https://reddit.com/r/IndianStreetBets/comments/1je1upi/i_pray_for_days_like_this/,IndianStreetBets
comment,1je1upi,,,,,,,mifjo6c,theContinental302,Bro my portfolio was  3% up ( Í¡Â° ÍœÊ– Í¡Â°),2025-03-18 13:16:38,30.0,https://reddit.com/r/IndianStreetBets/comments/1je1upi/i_pray_for_days_like_this/,IndianStreetBets
post,1gcfnva,à¤¦ à¤²à¤¾à¤² à¤¸à¥à¤Ÿà¥à¤°à¥€à¤Ÿ! ,Beedweiser,"Nifty 500 Index, 25th Oct â€˜24; 11:02:40 ",2024-10-26 07:26:23,552.0,23.0,,,,,,https://reddit.com/r/IndianStreetBets/comments/1gcfnva/à¤¦_à¤²à¤²_à¤¸à¤Ÿà¤°à¤Ÿ/,IndianStreetBets
comment,1gcfnva,,,,,,,lttfgez,AdSmart3172,"You will be taxed 18% for posting this, thank you - tai",2024-10-26 07:30:54,130.0,https://reddit.com/r/IndianStreetBets/comments/1gcfnva/à¤¦_à¤²à¤²_à¤¸à¤Ÿà¤°à¤Ÿ/,IndianStreetBets
comment,1gcfnva,,,,,,,lttygip,boat_in_the_sky,And you'll be taxed 28% for informing him - Tai ka PA,2024-10-26 10:51:34,24.0,https://reddit.com/r/IndianStreetBets/comments/1gcfnva/à¤¦_à¤²à¤²_à¤¸à¤Ÿà¤°à¤Ÿ/,IndianStreetBets
comment,1gcfnva,,,,,,,lttfwoi,Visual_Roll_5656,"Itna to chalta hai bro, market hai. Even mera SL hit hua this friday.",2024-10-26 07:35:39,22.0,https://reddit.com/r/IndianStreetBets/comments/1gcfnva/à¤¦_à¤²à¤²_à¤¸à¤Ÿà¤°à¤Ÿ/,IndianStreetBets
comment,1gcfnva,,,,,,,lttw154,Hunter_Realistic,This feature is awesome really. Only when itâ€™s in your favour,2024-10-26 10:27:29,16.0,https://reddit.com/r/IndianStreetBets/comments/1gcfnva/à¤¦_à¤²à¤²_à¤¸à¤Ÿà¤°à¤Ÿ/,IndianStreetBets
comment,1gcfnva,,,,,,,ltu5wis,Loading_ding_dong,Best time to invest,2024-10-26 11:57:41,14.0,https://reddit.com/r/IndianStreetBets/comments/1gcfnva/à¤¦_à¤²à¤²_à¤¸à¤Ÿà¤°à¤Ÿ/,IndianStreetBets
post,1eitc6l,Blood Bath of Nifty Yesterday,Neildahiya,,2024-08-03 03:24:55,25.0,13.0,,,,,,https://reddit.com/r/IndianStreetBets/comments/1eitc6l/blood_bath_of_nifty_yesterday/,IndianStreetBets
comment,1eitc6l,,,,,,,lg9hrbg,Weary-Cut-8819,"Bro isko blood bath nahi bolte hai, sahi me blood bath aayega toh halat kharab ho jaayegi.",2024-08-03 06:28:59,24.0,https://reddit.com/r/IndianStreetBets/comments/1eitc6l/blood_bath_of_nifty_yesterday/,IndianStreetBets
comment,1eitc6l,,,,,,,lg9jvv5,mystixash,Bloodbath lmao.,2024-08-03 06:51:21,10.0,https://reddit.com/r/IndianStreetBets/comments/1eitc6l/blood_bath_of_nifty_yesterday/,IndianStreetBets
comment,1eitc6l,,,,,,,lga6e0y,TheMonarch0101,is the bloodbath with us in the room?,2024-08-03 10:59:47,5.0,https://reddit.com/r/IndianStreetBets/comments/1eitc6l/blood_bath_of_nifty_yesterday/,IndianStreetBets
comment,1eitc6l,,,,,,,lgarrzw,Suspicious_Light7213,True,2024-08-03 13:50:26,5.0,https://reddit.com/r/IndianStreetBets/comments/1eitc6l/blood_bath_of_nifty_yesterday/,IndianStreetBets
comment,1eitc6l,,,,,,,lgc37k9,Diligent_Ad_7738,"Naa ,it starts with Israel and Iranâ€™s war.",2024-08-03 18:25:50,5.0,https://reddit.com/r/IndianStreetBets/comments/1eitc6l/blood_bath_of_nifty_yesterday/,IndianStreetBets
post,1eknmyd,Stocks with Volume higher than 50 day average volume and Trading below All short term key moving averages. (Stock with *Highly Bearish chart setup along with volumes*) .,TechnoFundaAnalysis,,2024-08-05 13:21:50,4.0,2.0,,,,,,https://reddit.com/r/IndianStreetBets/comments/1eknmyd/stocks_with_volume_higher_than_50_day_average/,IndianStreetBets
comment,1eknmyd,,,,,,,lgw2620,stoned_experiences,RemindMe! One day,2024-08-07 04:27:40,1.0,https://reddit.com/r/IndianStreetBets/comments/1eknmyd/stocks_with_volume_higher_than_50_day_average/,IndianStreetBets
comment,1eknmyd,,,,,,,lgw28uf,RemindMeBot,"I will be messaging you in 1 day on [**2024-08-08 04:27:40 UTC**](http://www.wolframalpha.com/input/?i=2024-08-08%2004:27:40%20UTC%20To%20Local%20Time) to remind you of [**this link**](https://www.reddit.com/r/IndianStreetBets/comments/1eknmyd/stocks_with_volume_higher_than_50_day_average/lgw2620/?context=3)

[**CLICK THIS LINK**](https://www.reddit.com/message/compose/?to=RemindMeBot&subject=Reminder&message=%5Bhttps%3A%2F%2Fwww.reddit.com%2Fr%2FIndianStreetBets%2Fcomments%2F1eknmyd%2Fstocks_with_volume_higher_than_50_day_average%2Flgw2620%2F%5D%0A%0ARemindMe%21%202024-08-08%2004%3A27%3A40%20UTC) to send a PM to also be reminded and to reduce spam.

^(Parent commenter can ) [^(delete this message to hide from others.)](https://www.reddit.com/message/compose/?to=RemindMeBot&subject=Delete%20Comment&message=Delete%21%201eknmyd)

*****

|[^(Info)](https://www.reddit.com/r/RemindMeBot/comments/e1bko7/remindmebot_info_v21/)|[^(Custom)](https://www.reddit.com/message/compose/?to=RemindMeBot&subject=Reminder&message=%5BLink%20or%20message%20inside%20square%20brackets%5D%0A%0ARemindMe%21%20Time%20period%20here)|[^(Your Reminders)](https://www.reddit.com/message/compose/?to=RemindMeBot&subject=List%20Of%20Reminders&message=MyReminders%21)|[^(Feedback)](https://www.reddit.com/message/compose/?to=Watchful1&subject=RemindMeBot%20Feedback)|
|-|-|-|-|",2024-08-07 04:28:18,1.0,https://reddit.com/r/IndianStreetBets/comments/1eknmyd/stocks_with_volume_higher_than_50_day_average/,IndianStreetBets
